-- Inserindo endereços
INSERT INTO endereco (idendereco, logradouro, numero, cep, idcidade) VALUES
(1, 'Rua A', '100', '01001-000', 1),
(2, 'Avenida B', '200', '20020-000', 2),
(3, 'Praça C', '300', '30130-000', 3),
(4, 'Rua D', '400', '40040-000', 4),
(5, 'Avenida E', '500', '90050-000', 5),
(6, 'Rua F', '600', '60060-000', 6),
(7, 'Avenida G', '700', '70070-000', 7),
(8, 'Rua H', '800', '80080-000', 8),
(9, 'Avenida I', '900', '90090',10),
(10, 'Rua J', '1000', '10000-000', 9),
(11, 'Avenida K', '1100', '11011-000', 10),
(12, 'Rua L', '1200', '12012-000', 1),
(13, 'Avenida M', '1300', '13013-000', 2),
(14, 'Rua N', '1400', '14014-000', 3),
(15, 'Avenida O', '1500', '15015-000', 4),
(16, 'Rua P', '1600', '16016-000', 5),
(17, 'Avenida Q', '1700', '17017-000', 6),
(18, 'Rua R', '1800', '18018-000', 7),
(19, 'Avenida S', '1900', '19019-000', 8),
(20, 'Rua T', '2000', '20020-000', 9),
(21, 'Avenida U', '2100', '21021-000', 10),
(22, 'Rua V', '2200', '22022-000', 1),
(23, 'Avenida W', '2300', '23023-000', 2),
(24, 'Rua X', '2400', '24024-000', 3),
(25, 'Avenida Y', '2500', '25025-000', 4),
(26, 'Rua Z', '2600', '26026-000', 5),
(27, 'Avenida Alfa', '2700', '27027-000', 6),
(28, 'Rua Beta', '2800', '28028-000', 7),
(29, 'Avenida Gama', '2900', '29029-000', 8),
(30, 'Rua Delta', '3000', '30030-000', 9),
(31, 'Rua Omega', '3100', '31031-000', 1),
(32, 'Avenida Pi', '3200', '32032-000', 2),
(33, 'Rua Sigma', '3300', '33033-000', 13),
(34, 'Avenida Lambda', '3400', '34034-000', 4),
(35, 'Rua Kappa', '3500', '35035-000', 15),
(36, 'Avenida Iota', '3600', '36036-000', 6),
(37, 'Rua Theta', '3700', '37037-000', 7),
(38, 'Avenida Eta', '3800', '38038-000', 8),
(39, 'Rua Zeta', '3900', '39039-000', 9),
(40, 'Avenida Epsilon', '4000', '40040-000', 10),
(41, 'Rua Delta', '4100', '41041-000', 11),
(42, 'Avenida Gamma', '4200', '42042-000',22),
(43, 'Rua Beta', '4300', '43043-000', 23),
(44, 'Avenida Alfa', '4400', '44044-000', 24),
(45, 'Rua Lambda', '4500', '45045-000', 15),
(46, 'Avenida Mu', '4600', '46046-000', 26),
(47, 'Rua Nu', '4700', '47047-000', 17),
(48, 'Avenida Xi', '4800', '48048-000', 18),
(49, 'Rua Omicron', '4900', '49049-000', 29),
(50, 'Avenida Pi', '5000', '50050-000', 10),
(51, 'Rua Omega', '5100', '51051-000', 30),
(52, 'Avenida Sigma', '5200', '52052-000', 2),
(53, 'Rua Phi', '5300', '53053-000', 30),
(54, 'Avenida Rho', '5400', '54054-000', 24),
(55, 'Rua Tau', '5500', '55055-000', 15),
(56, 'Avenida Upsilon', '5600', '56056-000', 26),
(57, 'Rua Chi', '5700', '57057-000', 7),
(58, 'Avenida Psi', '5800', '58058-000', 8),
(59, 'Rua Omega', '5900', '59059-000', 19),
(60, 'Avenida Alfa', '6000', '60060-000', 10);

-- Inserindo dados na tabela cliente_end
INSERT INTO cliente_end (idcliente, idendereco) VALUES
(1, 1),
(2, 2),
(3, 3),
(4, 4),
(5, 5),
(6, 6),
(7, 7),
(8, 8),
(9, 9),
(10, 10),
(11, 11),
(12, 12),
(13, 13),
(14, 14),
(15, 15),
(16, 16),
(17, 17),
(18, 18),
(19, 19),
(20, 20),
(21, 21),
(22, 22),
(23, 23),
(24, 24),
(25, 25),
(26, 26),
(27, 27),
(28, 28),
(29, 29),
(30, 30),
(31, 31),
(32, 32),
(33, 33),
(34, 34),
(35, 35),
(36, 36),
(37, 37),
(38, 38),
(39, 39),
(40, 40),
(41, 41),
(42, 42),
(43, 43),
(44, 44),
(45, 45),
(46, 46),
(47, 47),
(48, 48),
(49, 49),
(50, 50),
(51, 51),
(52, 52),
(53, 53),
(54, 54),
(55, 55);

--  Inserindo dados na tabela venda
INSERT INTO venda (idvenda, frete, valor, idcliente) VALUES
(1, 15.00, 200.00, 17),
(2, 10.00, 150.00, 32),
(3, 20.00, 300.00, 21),
(4, 12.50, 120.00, 13),
(5, 18.00, 250.00, 40),
(6, 16.00, 180.00, 8),
(7, 14.00, 220.00, 36),
(8, 11.00, 90.00, 4),
(9, 19.00, 270.00, 28),
(10, 15.50, 200.00, 49),
(11, 12.00, 160.00, 10),
(12, 14.50, 230.00, 43),
(13, 13.00, 190.00, 7),
(14, 17.00, 240.00, 23),
(15, 16.50, 260.00, 11),
(16, 20.00, 300.00, 45),
(17, 10.50, 140.00, 26),
(18, 11.50, 130.00, 50),
(19, 18.50, 280.00, 34),
(20, 13.50, 170.00, 5),
(21, 19.50, 290.00, 22),
(22, 12.50, 150.00, 47),
(23, 15.00, 210.00, 16),
(24, 17.50, 250.00, 9),
(25, 14.00, 220.00, 1),
(26, 16.00, 260.00, 46),
(27, 13.50, 180.00, 2),
(28, 15.50, 230.00, 44),
(29, 18.00, 270.00, 20),
(30, 12.00, 160.00, 52),
(31, 19.00, 290.00, 15),
(32, 14.50, 210.00, 31),
(33, 17.00, 260.00, 3),
(34, 16.50, 250.00, 25),
(35, 18.50, 280.00, 12),
(36, 13.00, 200.00, 37),
(37, 15.00, 230.00, 41),
(38, 12.50, 190.00, 55),
(39, 17.50, 260.00, 18),
(40, 14.00, 220.00, 19),
(41, 19.50, 300.00, 24),
(42, 15.50, 250.00, 6),
(43, 12.00, 180.00, 38),
(44, 18.00, 290.00, 48),
(45, 14.50, 240.00, 27),
(46, 19.00, 280.00, 30),
(47, 16.00, 260.00, 35),
(48, 17.50, 270.00, 39),
(49, 13.50, 220.00, 14),
(50, 20.00, 300.00, 51),
(51, 18.50, 280.00, 29),
(52, 14.50, 230.00, 42),
(53, 15.50, 250.00, 33),
(54, 19.50, 290.00, 53),
(55, 13.00, 200.00, 54);

-- inserindo daddos na tabela item_venda
INSERT INTO item_venda (quantidade, idlivro, idvenda) VALUES
(2, 1, 1),
(1, 2, 2),
(3, 3, 3),
(1, 4, 4),
(4, 5, 5),
(2, 6, 6),
(3, 7, 7),
(1, 8, 8),
(5, 9, 9),
(1, 10, 10),
(2, 11, 11),
(3, 12, 12),
(1, 13, 13),
(2, 14, 14),
(4, 15, 15),
(3, 16, 16),
(1, 17, 17),
(5, 18, 18),
(2, 19, 19),
(3, 20, 20),
(1, 21, 21),
(4, 22, 22),
(2, 23, 23),
(1, 24, 24),
(3, 25, 25),
(4, 26, 26),
(2, 27, 27),
(1, 28, 28),
(5, 29, 29),
(3, 30, 30),
(2, 31, 31),
(4, 32, 32),
(1, 33, 33),
(3, 34, 34),
(2, 35, 35),
(1, 36, 36),
(4, 37, 37),
(2, 38, 38),
(3, 39, 39),
(5, 40, 40),
(1, 41, 41),
(2, 42, 42),
(3, 43, 43),
(4, 44, 44),
(1, 45, 45),
(2, 46, 46),
(3, 47, 47),
(1, 48, 48),
(5, 49, 49),
(2, 50, 50),
(3, 51, 51),
(4, 52, 52),
(2, 53, 53),
(1, 54, 54),
(3, 55, 55);


